title,abstract,authors,year,doi,pmid
"Effect of Exercise on Type 2 Diabetes: A Randomized Controlled Trial","Background: Physical activity is recommended for type 2 diabetes management. Methods: We conducted a randomized controlled trial of 200 adults with T2DM. Results: Exercise intervention reduced HbA1c by 0.8%. Conclusions: Exercise is effective for glycemic control.","Smith J; Jones A",2023,10.1000/example1,38000001
"Case Report: Rare Complication of Diabetes Medication","We present a case of a 45-year-old patient who developed...","Brown K",2022,10.1000/example2,38000002
"Systematic Review of SGLT2 Inhibitors in Elderly Patients","Objective: To review the safety and efficacy of SGLT2 inhibitors in adults over 65. Methods: Systematic review of RCTs. Results: 15 studies met inclusion criteria. Conclusions: SGLT2 inhibitors are safe and effective in elderly patients.","Davis M; Wilson R",2024,10.1000/example3,38000003
"Letter to Editor: Re: Diabetes Treatment Guidelines","I read with interest the recent article on guidelines...","Johnson T",2023,10.1000/example4,38000004
"Metformin vs Placebo in Pediatric Diabetes: A Randomized Trial","Background: Metformin is used off-label in children. Methods: RCT in 100 pediatric patients. Results: Significant improvement in glycemic control.","Lee S; Chen H",2021,10.1000/example5,38000005
"Pharmacotherapy for Type 2 Diabetes: A Meta-Analysis","Objective: To evaluate drug therapy options for T2DM. Methods: Meta-analysis of 50 RCTs. Results: Multiple agents showed efficacy. Conclusions: Individualized therapy is recommended.","Anderson P; Taylor L",2022,10.1000/example6,38000006
"Narrative Review of Diabetes Management Strategies","This review discusses various approaches to managing diabetes...","White G",2023,10.1000/example7,38000007
"Randomized Controlled Trial of GLP-1 Agonist in Adults with T2DM","Background: GLP-1 agonists show promise. Methods: Double-blind RCT in 300 adults. Results: Significant weight loss and HbA1c reduction.","Martinez C; Garcia R",2024,10.1000/example8,38000008
"Animal Study: Effects of Compound X on Diabetic Rats","Methods: 50 rats were given compound X...","Zhang Y",2020,10.1000/example9,38000009
"Cluster Randomized Trial of Diabetes Education Program","Background: Education improves outcomes. Methods: Cluster RCT in 20 clinics. Results: Improved self-management in intervention group.","Thompson E; Brown A",2023,10.1000/example10,38000010
